Date,Open,High,Low,Close,Adj Close,Volume
01-Jan-21,0.77718,0.82076,0.769823,0.770297,0.770297,0
04-Jan-21,0.7713,0.7742,0.76566,0.77123,0.77123,0
05-Jan-21,0.76698,0.7753,0.766289,0.7671,0.7671,0
06-Jan-21,0.77628,0.782038,0.773431,0.7766,0.7766,0
07-Jan-21,0.78154,0.78154,0.77277,0.7817,0.7817,0
08-Jan-21,0.7769,0.7799,0.77414,0.7769,0.7769,0
11-Jan-21,0.77238,0.773043,0.766889,0.771653,0.771653,0
12-Jan-21,0.77082,0.77406,0.76874,0.77075,0.77075,0
13-Jan-21,0.77748,0.778271,0.77231,0.777605,0.777605,0
14-Jan-21,0.77464,0.77931,0.77288,0.774713,0.774713,0
15-Jan-21,0.777563,0.77888,0.76825,0.77758,0.77758,0
18-Jan-21,0.768539,0.77028,0.76606,0.768888,0.768888,0
19-Jan-21,0.76856,0.7724,0.76856,0.768699,0.768699,0
20-Jan-21,0.771248,0.7763,0.7702,0.77118,0.77118,0
21-Jan-21,0.7755,0.7784,0.774899,0.77557,0.77557,0
22-Jan-21,0.776144,0.77688,0.77036,0.776102,0.776102,0
25-Jan-21,0.771551,0.7748,0.76839,0.77158,0.77158,0
26-Jan-21,0.7715,0.77543,0.767,0.7719,0.7719,0
27-Jan-21,0.77532,0.7761,0.76503,0.775314,0.775314,0
28-Jan-21,0.76517,0.76774,0.759301,0.7651,0.7651,0
29-Jan-21,0.767201,0.77037,0.7637,0.76697,0.76697,0
01-Feb-21,0.762062,0.766401,0.76135,0.761998,0.761998,0
02-Feb-21,0.76333,0.76619,0.75667,0.76346,0.76346,0
03-Feb-21,0.7609,0.7627,0.76024,0.760821,0.760821,0
04-Feb-21,0.763633,0.76475,0.759,0.7636,0.7636,0
05-Feb-21,0.760092,0.766,0.75844,0.7603,0.7603,0
08-Feb-21,0.76789,0.771516,0.765257,0.76792,0.76792,0
09-Feb-21,0.770558,0.773646,0.77047,0.7711,0.7711,0
10-Feb-21,0.7741,0.77545,0.771992,0.77405,0.77405,0
11-Feb-21,0.772469,0.7773,0.77132,0.772535,0.772535,0
12-Feb-21,0.7754,0.7765,0.77193,0.7754,0.7754,0
15-Feb-21,0.776392,0.7791,0.77605,0.77641,0.77641,0
16-Feb-21,0.77853,0.7807,0.774581,0.77862,0.77862,0
17-Feb-21,0.7737,0.77693,0.77252,0.77379,0.77379,0
18-Feb-21,0.7759,0.778901,0.77318,0.77587,0.77587,0
19-Feb-21,0.77682,0.7877,0.775831,0.7768,0.7768,0
22-Feb-21,0.788302,0.792079,0.7857,0.788849,0.788849,0
23-Feb-21,0.79147,0.79345,0.78839,0.79154,0.79154,0
24-Feb-21,0.7909,0.794603,0.789889,0.790883,0.790883,0
25-Feb-21,0.79751,0.80069,0.794849,0.797703,0.797703,0
26-Feb-21,0.78656,0.78703,0.771188,0.787,0.787,0
01-Mar-21,0.775368,0.7788,0.7723,0.775242,0.775242,0
02-Mar-21,0.77724,0.7824,0.773718,0.7772,0.7772,0
03-Mar-21,0.7826,0.784006,0.7774,0.78252,0.78252,0
04-Mar-21,0.77543,0.781519,0.77543,0.77581,0.77581,0
05-Mar-21,0.77165,0.7726,0.76256,0.77156,0.77156,0
08-Mar-21,0.770748,0.771462,0.763709,0.77091,0.77091,0
09-Mar-21,0.765709,0.7719,0.762247,0.765667,0.765667,0
10-Mar-21,0.771605,0.7744,0.76699,0.771784,0.771784,0
11-Mar-21,0.77314,0.77842,0.77244,0.7732,0.7732,0
12-Mar-21,0.77851,0.7801,0.77267,0.778762,0.778762,0
15-Mar-21,0.776337,0.7776,0.770677,0.7763,0.7763,0
16-Mar-21,0.775,0.7757,0.77135,0.775014,0.775014,0
17-Mar-21,0.774659,0.774713,0.77062,0.774557,0.774557,0
18-Mar-21,0.78111,0.7849,0.77625,0.7813,0.7813,0
19-Mar-21,0.77526,0.7771,0.77188,0.77537,0.77537,0
22-Mar-21,0.77235,0.7755,0.77053,0.77225,0.77225,0
23-Mar-21,0.774557,0.774713,0.76557,0.77455,0.77455,0
24-Mar-21,0.760902,0.763,0.75844,0.76047,0.76047,0
25-Mar-21,0.75921,0.7615,0.756453,0.7591,0.7591,0
26-Mar-21,0.7595,0.7637,0.75884,0.7594,0.7594,0
29-Mar-21,0.7638,0.765521,0.7616,0.763738,0.763738,0
30-Mar-21,0.76395,0.76629,0.75968,0.764117,0.764117,0
31-Mar-21,0.760792,0.763825,0.75891,0.76088,0.76088,0
01-Apr-21,0.75944,0.7611,0.75332,0.75941,0.75941,0
02-Apr-21,0.76176,0.764,0.76,0.7619,0.7619,0
05-Apr-21,0.7619,0.766154,0.75992,0.7621,0.7621,0
06-Apr-21,0.76575,0.7663,0.760722,0.765873,0.765873,0
07-Apr-21,0.766689,0.767813,0.7613,0.766695,0.766695,0
08-Apr-21,0.76116,0.7649,0.76041,0.761388,0.761388,0
09-Apr-21,0.76562,0.7664,0.75893,0.7659,0.7659,0
12-Apr-21,0.762201,0.763825,0.75958,0.7626,0.7626,0
13-Apr-21,0.76272,0.7651,0.75946,0.762771,0.762771,0
14-Apr-21,0.76465,0.7734,0.763592,0.76475,0.76475,0
15-Apr-21,0.7727,0.77613,0.77059,0.77251,0.77251,0
16-Apr-21,0.775248,0.775976,0.77261,0.77517,0.77517,0
19-Apr-21,0.771438,0.7787,0.770689,0.771403,0.771403,0
20-Apr-21,0.7765,0.7816,0.77302,0.7767,0.7767,0
21-Apr-21,0.772171,0.7763,0.770202,0.77238,0.77238,0
22-Apr-21,0.77545,0.776518,0.77107,0.77544,0.77544,0
23-Apr-21,0.770855,0.7746,0.77009,0.770535,0.770535,0
26-Apr-21,0.77437,0.7817,0.77437,0.774311,0.774311,0
27-Apr-21,0.77961,0.7804,0.77643,0.77997,0.77997,0
28-Apr-21,0.77659,0.777605,0.77278,0.777,0.777,0
29-Apr-21,0.780214,0.78182,0.77529,0.78013,0.78013,0
30-Apr-21,0.77779,0.778513,0.77056,0.777762,0.777762,0
03-May-21,0.77186,0.776699,0.77078,0.7723,0.7723,0
04-May-21,0.7762,0.7763,0.767748,0.775891,0.775891,0
05-May-21,0.7715,0.7754,0.77063,0.77138,0.77138,0
06-May-21,0.775302,0.7777,0.77023,0.77512,0.77512,0
07-May-21,0.77863,0.786287,0.77618,0.778731,0.778731,0
10-May-21,0.785632,0.789391,0.78385,0.785879,0.785879,0
11-May-21,0.7842,0.78556,0.78211,0.7839,0.7839,0
12-May-21,0.78396,0.784375,0.773389,0.78381,0.78381,0
13-May-21,0.77306,0.774731,0.76901,0.77323,0.77323,0
14-May-21,0.77239,0.778168,0.77142,0.77262,0.77262,0
17-May-21,0.777659,0.777726,0.77316,0.777871,0.777871,0
18-May-21,0.77735,0.78136,0.7769,0.77737,0.77737,0
19-May-21,0.778895,0.7797,0.77327,0.778998,0.778998,0
20-May-21,0.7722,0.778392,0.7719,0.77203,0.77203,0
21-May-21,0.777061,0.7783,0.773043,0.777,0.777,0
24-May-21,0.772553,0.77549,0.771099,0.773,0.773,0
25-May-21,0.77509,0.777641,0.77373,0.77508,0.77508,0
26-May-21,0.7751,0.779788,0.773138,0.775314,0.775314,0
27-May-21,0.773982,0.7758,0.77235,0.77399,0.77399,0
28-May-21,0.77417,0.7749,0.76783,0.77425,0.77425,0
31-May-21,0.770897,0.774413,0.77016,0.77101,0.77101,0
01-Jun-21,0.77441,0.777001,0.77313,0.77435,0.77435,0
02-Jun-21,0.77564,0.77716,0.77166,0.77559,0.77559,0
03-Jun-21,0.7746,0.7755,0.764982,0.77443,0.77443,0
04-Jun-21,0.7665,0.7746,0.76524,0.766577,0.766577,0
07-Jun-21,0.773994,0.77682,0.77271,0.7744,0.7744,0
08-Jun-21,0.7757,0.7765,0.77334,0.77563,0.77563,0
09-Jun-21,0.7737,0.7764,0.772678,0.7737,0.7737,0
10-Jun-21,0.7729,0.776518,0.77226,0.77295,0.77295,0
11-Jun-21,0.77475,0.77749,0.7691,0.7748,0.7748,0
14-Jun-21,0.771022,0.7727,0.76939,0.770891,0.770891,0
15-Jun-21,0.771272,0.771903,0.76754,0.7712,0.7712,0
16-Jun-21,0.7686,0.771641,0.76848,0.768622,0.768622,0
17-Jun-21,0.76127,0.7639,0.75531,0.761673,0.761673,0
18-Jun-21,0.755641,0.756201,0.74794,0.75569,0.75569,0
21-Jun-21,0.75021,0.75367,0.74799,0.7504,0.7504,0
22-Jun-21,0.75327,0.7534,0.74956,0.75349,0.75349,0
23-Jun-21,0.75553,0.76,0.75383,0.755481,0.755481,0
24-Jun-21,0.757478,0.759301,0.756819,0.757444,0.757444,0
25-Jun-21,0.758098,0.761905,0.758098,0.758208,0.758208,0
28-Jun-21,0.7595,0.7604,0.75559,0.7595,0.7595,0
29-Jun-21,0.75685,0.757117,0.750852,0.75684,0.75684,0
30-Jun-21,0.75141,0.7529,0.749283,0.75136,0.75136,0
01-Jul-21,0.74953,0.751,0.7464,0.74977,0.74977,0
02-Jul-21,0.74671,0.7501,0.744929,0.746581,0.746581,0
05-Jul-21,0.751682,0.754,0.75092,0.75186,0.75186,0
06-Jul-21,0.754,0.75986,0.74889,0.7543,0.7543,0
07-Jul-21,0.74914,0.7534,0.74646,0.7495,0.7495,0
08-Jul-21,0.74831,0.748475,0.74182,0.748441,0.748441,0
09-Jul-21,0.743716,0.74872,0.74101,0.743329,0.743329,0
12-Jul-21,0.749288,0.7497,0.74498,0.749008,0.749008,0
13-Jul-21,0.7481,0.750525,0.742799,0.7481,0.7481,0
14-Jul-21,0.74383,0.7486,0.7434,0.7442,0.7442,0
15-Jul-21,0.7481,0.748615,0.743423,0.748038,0.748038,0
16-Jul-21,0.742462,0.7444,0.74004,0.7423,0.7423,0
19-Jul-21,0.7389,0.7392,0.733,0.7391,0.7391,0
20-Jul-21,0.733751,0.73562,0.73006,0.73392,0.73392,0
21-Jul-21,0.7339,0.73603,0.72898,0.733891,0.733891,0
22-Jul-21,0.735202,0.7397,0.73431,0.735262,0.735262,0
23-Jul-21,0.73825,0.7392,0.73579,0.73805,0.73805,0
26-Jul-21,0.736659,0.739098,0.7333,0.736822,0.736822,0
27-Jul-21,0.738607,0.739,0.73378,0.738825,0.738825,0
28-Jul-21,0.73679,0.73758,0.73241,0.736637,0.736637,0
29-Jul-21,0.7378,0.74134,0.73601,0.73771,0.73771,0
30-Jul-21,0.739601,0.740576,0.7345,0.73961,0.73961,0
02-Aug-21,0.734231,0.73828,0.73298,0.734231,0.734231,0
03-Aug-21,0.73624,0.7409,0.73588,0.73606,0.73606,0
04-Aug-21,0.73964,0.742721,0.7371,0.73968,0.73968,0
05-Aug-21,0.73825,0.741675,0.737822,0.7383,0.7383,0
06-Aug-21,0.7405,0.740686,0.734792,0.7403,0.7403,0
09-Aug-21,0.7338,0.736594,0.7329,0.733783,0.733783,0
10-Aug-21,0.733,0.735619,0.73162,0.7331,0.7331,0
11-Aug-21,0.73446,0.73858,0.7325,0.73438,0.73438,0
12-Aug-21,0.73722,0.737517,0.73361,0.737409,0.737409,0
13-Aug-21,0.73402,0.738,0.73337,0.73415,0.73415,0
16-Aug-21,0.736692,0.7369,0.732032,0.736572,0.736572,0
17-Aug-21,0.73392,0.733977,0.725321,0.734107,0.734107,0
18-Aug-21,0.72555,0.7272,0.72316,0.72556,0.72556,0
19-Aug-21,0.72316,0.7235,0.71455,0.7231,0.7231,0
20-Aug-21,0.7148,0.7159,0.71073,0.71462,0.71462,0
23-Aug-21,0.714189,0.7211,0.714158,0.71398,0.71398,0
24-Aug-21,0.72087,0.7271,0.72015,0.72096,0.72096,0
25-Aug-21,0.72505,0.726728,0.72376,0.72488,0.72488,0
26-Aug-21,0.72779,0.728226,0.72421,0.72766,0.72766,0
27-Aug-21,0.723552,0.730994,0.72231,0.72384,0.72384,0
30-Aug-21,0.731797,0.732,0.72862,0.731598,0.731598,0
31-Aug-21,0.729315,0.734214,0.728948,0.729123,0.729123,0
01-Sep-21,0.732,0.73723,0.73085,0.73179,0.73179,0
02-Sep-21,0.73688,0.740905,0.73564,0.7368,0.7368,0
03-Sep-21,0.739782,0.7478,0.7396,0.73993,0.73993,0
06-Sep-21,0.744341,0.7446,0.742749,0.744502,0.744502,0
07-Sep-21,0.7437,0.746531,0.737779,0.743671,0.743671,0
08-Sep-21,0.73871,0.7404,0.734608,0.73866,0.73866,0
09-Sep-21,0.73594,0.73943,0.73475,0.736377,0.736377,0
10-Sep-21,0.736974,0.741125,0.7361,0.737083,0.737083,0
13-Sep-21,0.7366,0.737681,0.7337,0.736811,0.736811,0
14-Sep-21,0.7367,0.7375,0.73245,0.73659,0.73659,0
15-Sep-21,0.7319,0.7338,0.7303,0.73171,0.73171,0
16-Sep-21,0.7338,0.7347,0.72754,0.73412,0.73412,0
17-Sep-21,0.72917,0.732225,0.72673,0.72915,0.72915,0
20-Sep-21,0.726612,0.7271,0.722089,0.726401,0.726401,0
21-Sep-21,0.726005,0.7284,0.72224,0.72597,0.72597,0
22-Sep-21,0.7232,0.7268,0.7225,0.7228,0.7228,0
23-Sep-21,0.72337,0.73123,0.72237,0.7234,0.7234,0
24-Sep-21,0.72997,0.731689,0.72369,0.72998,0.72998,0
27-Sep-21,0.726607,0.7292,0.72506,0.726612,0.726612,0
28-Sep-21,0.72812,0.7313,0.7231,0.72806,0.72806,0
29-Sep-21,0.72448,0.72622,0.71822,0.724428,0.724428,0
30-Sep-21,0.71783,0.725768,0.71783,0.718,0.718,0
01-Oct-21,0.72288,0.7274,0.719378,0.723118,0.723118,0
04-Oct-21,0.7276,0.730514,0.72526,0.727521,0.727521,0
05-Oct-21,0.728932,0.72985,0.72515,0.72897,0.72897,0
06-Oct-21,0.728762,0.728916,0.72271,0.729075,0.729075,0
07-Oct-21,0.7283,0.7325,0.72712,0.728141,0.728141,0
08-Oct-21,0.73164,0.7338,0.72894,0.73168,0.73168,0
11-Oct-21,0.7296,0.737371,0.7296,0.72949,0.72949,0
12-Oct-21,0.73484,0.738607,0.73338,0.73484,0.73484,0
13-Oct-21,0.733514,0.7379,0.73264,0.733509,0.733509,0
14-Oct-21,0.73868,0.7427,0.73723,0.738607,0.738607,0
15-Oct-21,0.74149,0.74398,0.74045,0.74138,0.74138,0
18-Oct-21,0.742468,0.742611,0.738018,0.742479,0.742479,0
19-Oct-21,0.74175,0.7484,0.74175,0.7417,0.7417,0
20-Oct-21,0.748,0.751823,0.74667,0.747719,0.747719,0
21-Oct-21,0.75169,0.754717,0.747859,0.75153,0.75153,0
22-Oct-21,0.746531,0.751428,0.745512,0.74637,0.74637,0
25-Oct-21,0.747,0.7508,0.74654,0.74691,0.74691,0
26-Oct-21,0.74945,0.7526,0.749,0.74918,0.74918,0
27-Oct-21,0.75143,0.7537,0.74884,0.751298,0.751298,0
28-Oct-21,0.750041,0.755572,0.74798,0.750075,0.750075,0
29-Oct-21,0.7535,0.755515,0.750058,0.75316,0.75316,0
01-Nov-21,0.752089,0.7536,0.74872,0.751829,0.751829,0
02-Nov-21,0.752389,0.753409,0.74276,0.75205,0.75205,0
03-Nov-21,0.7438,0.745212,0.74161,0.7439,0.7439,0
04-Nov-21,0.747032,0.747032,0.738389,0.7469,0.7469,0
05-Nov-21,0.740949,0.7412,0.73641,0.740933,0.740933,0
08-Nov-21,0.739497,0.743273,0.73864,0.73959,0.73959,0
09-Nov-21,0.741559,0.743218,0.73619,0.74148,0.74148,0
10-Nov-21,0.73765,0.73932,0.73441,0.73762,0.73762,0
11-Nov-21,0.733412,0.734214,0.72884,0.733412,0.733412,0
12-Nov-21,0.72908,0.7326,0.72769,0.7292,0.7292,0
15-Nov-21,0.733272,0.7371,0.732392,0.733251,0.733251,0
16-Nov-21,0.73456,0.737,0.73101,0.73449,0.73449,0
17-Nov-21,0.73005,0.73045,0.72643,0.730161,0.730161,0
18-Nov-21,0.726897,0.7294,0.72506,0.72686,0.72686,0
19-Nov-21,0.72758,0.7292,0.72301,0.7279,0.7279,0
22-Nov-21,0.72316,0.72715,0.722909,0.72317,0.72317,0
23-Nov-21,0.72278,0.723903,0.72083,0.722804,0.722804,0
24-Nov-21,0.7223,0.722909,0.7187,0.72222,0.72222,0
25-Nov-21,0.72026,0.721084,0.7181,0.7202,0.7202,0
26-Nov-21,0.717499,0.7177,0.711389,0.71737,0.71737,0
29-Nov-21,0.714189,0.7161,0.711511,0.714281,0.714281,0
30-Nov-21,0.7149,0.7172,0.70674,0.71458,0.71458,0
01-Dec-21,0.71267,0.717309,0.7122,0.7125,0.7125,0
02-Dec-21,0.71076,0.712099,0.708521,0.71076,0.71076,0
03-Dec-21,0.708818,0.709019,0.701041,0.70878,0.70878,0
06-Dec-21,0.701661,0.705348,0.700722,0.70179,0.70179,0
07-Dec-21,0.705119,0.7125,0.70404,0.70492,0.70492,0
08-Dec-21,0.71224,0.71701,0.71179,0.71226,0.71226,0
09-Dec-21,0.716897,0.718907,0.7136,0.717,0.717,0
10-Dec-21,0.714694,0.718272,0.713419,0.714612,0.714612,0
13-Dec-21,0.716666,0.7179,0.711141,0.71661,0.71661,0
14-Dec-21,0.71323,0.7138,0.70928,0.713318,0.713318,0
15-Dec-21,0.71052,0.71504,0.710348,0.7106,0.7106,0
16-Dec-21,0.717,0.72234,0.714638,0.71665,0.71665,0
17-Dec-21,0.7177,0.7184,0.71374,0.717561,0.717561,0
20-Dec-21,0.712043,0.712911,0.70831,0.711698,0.711698,0
21-Dec-21,0.711162,0.714219,0.710081,0.71095,0.71095,0
22-Dec-21,0.7148,0.721709,0.71215,0.71478,0.71478,0
23-Dec-21,0.72129,0.7245,0.7198,0.7214,0.7214,0
24-Dec-21,0.72323,0.72481,0.72221,0.72332,0.72332,0
27-Dec-21,0.723071,0.7244,0.72062,0.723129,0.723129,0
28-Dec-21,0.72355,0.7265,0.72201,0.7237,0.7237,0
29-Dec-21,0.7233,0.727326,0.72138,0.7234,0.7234,0
30-Dec-21,0.7262,0.72786,0.72442,0.725879,0.725879,0
31-Dec-21,0.725111,0.7276,0.72447,0.72498,0.72498,0
03-Jan-22,0.72685,0.727908,0.71859,0.726818,0.726818,0
04-Jan-22,0.71969,0.7249,0.71853,0.7198,0.7198,0
05-Jan-22,0.724108,0.72718,0.72234,0.72388,0.72388,0
06-Jan-22,0.7223,0.7223,0.71466,0.72208,0.72208,0
07-Jan-22,0.716399,0.718592,0.713109,0.71626,0.71626,0
10-Jan-22,0.71787,0.720513,0.714939,0.717911,0.717911,0
11-Jan-22,0.7182,0.720098,0.71557,0.7181,0.7181,0
12-Jan-22,0.7213,0.72792,0.72009,0.72098,0.72098,0
13-Jan-22,0.7282,0.7314,0.72749,0.728221,0.728221,0
14-Jan-22,0.72802,0.729501,0.72218,0.728226,0.728226,0
17-Jan-22,0.721641,0.7231,0.71962,0.721652,0.721652,0
18-Jan-22,0.72116,0.722778,0.717618,0.72108,0.72108,0
19-Jan-22,0.71893,0.72381,0.71787,0.71875,0.71875,0
20-Jan-22,0.721813,0.72756,0.721673,0.7217,0.7217,0
21-Jan-22,0.72175,0.72175,0.71817,0.721709,0.721709,0
24-Jan-22,0.718649,0.718907,0.70924,0.718788,0.718788,0
25-Jan-22,0.71551,0.71724,0.71219,0.71545,0.71545,0
26-Jan-22,0.71588,0.7178,0.71508,0.71588,0.71588,0
27-Jan-22,0.71214,0.71214,0.70421,0.7123,0.7123,0
28-Jan-22,0.7037,0.704722,0.69686,0.70355,0.70355,0
31-Jan-22,0.699428,0.707914,0.69932,0.6998,0.6998,0
01-Feb-22,0.70659,0.711794,0.70347,0.70683,0.70683,0
02-Feb-22,0.713409,0.71584,0.71193,0.713399,0.713399,0
03-Feb-22,0.712088,0.7168,0.71099,0.71208,0.71208,0
04-Feb-22,0.71419,0.7153,0.70523,0.7145,0.7145,0
07-Feb-22,0.70798,0.7123,0.70659,0.70803,0.70803,0
08-Feb-22,0.7128,0.713878,0.71076,0.713,0.713,0
09-Feb-22,0.714602,0.71941,0.71432,0.714592,0.714592,0
10-Feb-22,0.71767,0.72481,0.71513,0.717741,0.717741,0
11-Feb-22,0.71616,0.718391,0.71105,0.71617,0.71617,0
14-Feb-22,0.714658,0.714658,0.708692,0.71448,0.71448,0
15-Feb-22,0.71328,0.71561,0.710358,0.71321,0.71321,0
16-Feb-22,0.714842,0.718494,0.71449,0.714909,0.714909,0
17-Feb-22,0.71925,0.72175,0.715159,0.71945,0.71945,0
18-Feb-22,0.718721,0.723,0.71676,0.718933,0.718933,0
21-Feb-22,0.717231,0.7223,0.716841,0.71717,0.71717,0
22-Feb-22,0.7186,0.7234,0.7182,0.71845,0.71845,0
23-Feb-22,0.72273,0.72838,0.72213,0.72269,0.72269,0
24-Feb-22,0.722862,0.722862,0.709628,0.7228,0.7228,0
25-Feb-22,0.71602,0.723558,0.714602,0.71602,0.71602,0
28-Feb-22,0.718081,0.726375,0.716949,0.718649,0.718649,0
01-Mar-22,0.726111,0.7291,0.724559,0.7262,0.7262,0
02-Mar-22,0.726058,0.72902,0.724412,0.726143,0.726143,0
03-Mar-22,0.72927,0.7348,0.72764,0.729341,0.729341,0
04-Mar-22,0.73363,0.737517,0.73032,0.7337,0.7337,0
07-Mar-22,0.739208,0.743749,0.73196,0.739481,0.739481,0
08-Mar-22,0.73293,0.73479,0.724659,0.73285,0.73285,0
09-Mar-22,0.7272,0.7338,0.72683,0.726792,0.726792,0
10-Mar-22,0.73191,0.736312,0.72891,0.73169,0.73169,0
11-Mar-22,0.73654,0.73657,0.73046,0.7366,0.7366,0
14-Mar-22,0.72957,0.729682,0.72276,0.72965,0.72965,0
15-Mar-22,0.7201,0.72267,0.71667,0.71987,0.71987,0
16-Mar-22,0.719042,0.72731,0.7181,0.7191,0.7191,0
17-Mar-22,0.728969,0.73894,0.728528,0.72888,0.72888,0
18-Mar-22,0.73816,0.741098,0.736279,0.7381,0.7381,0
21-Mar-22,0.741021,0.742512,0.73749,0.740999,0.740999,0
22-Mar-22,0.739459,0.745,0.73758,0.739579,0.739579,0
23-Mar-22,0.74634,0.749901,0.745079,0.74623,0.74623,0
24-Mar-22,0.7502,0.75266,0.74678,0.749918,0.749918,0
25-Mar-22,0.751117,0.75363,0.74963,0.751428,0.751428,0
28-Mar-22,0.751823,0.753977,0.746742,0.751823,0.751823,0
29-Mar-22,0.74995,0.751569,0.746219,0.74995,0.74995,0
30-Mar-22,0.751467,0.75362,0.750508,0.751467,0.751467,0
31-Mar-22,0.7503,0.75147,0.747139,0.7503,0.7503,0
01-Apr-22,0.749193,0.7527,0.74734,0.749193,0.749193,0
04-Apr-22,0.748649,0.755641,0.748391,0.748649,0.748649,0
05-Apr-22,0.75439,0.76607,0.75364,0.75439,0.75439,0
06-Apr-22,0.75857,0.7596,0.753477,0.75857,0.75857,0
07-Apr-22,0.750508,0.75126,0.74675,0.750508,0.750508,0
08-Apr-22,0.747848,0.7493,0.74272,0.747848,0.747848,0
11-Apr-22,0.74443,0.7461,0.741878,0.744651,0.744651,0
12-Apr-22,0.74151,0.7494,0.740012,0.741532,0.741532,0
13-Apr-22,0.7455,0.747496,0.739579,0.7455,0.7455,0
14-Apr-22,0.74519,0.746993,0.739902,0.74515,0.74515,0
15-Apr-22,0.741015,0.7418,0.73948,0.741015,0.741015,0
18-Apr-22,0.739382,0.7398,0.73515,0.739382,0.739382,0
19-Apr-22,0.735759,0.74001,0.73464,0.735759,0.735759,0
20-Apr-22,0.739399,0.745718,0.73757,0.739399,0.739399,0
21-Apr-22,0.7447,0.74569,0.73738,0.7447,0.7447,0
22-Apr-22,0.736111,0.737,0.725047,0.736111,0.736111,0
25-Apr-22,0.723694,0.723338,0.7136,0.723694,0.723694,0
26-Apr-22,0.71785,0.722872,0.71424,0.71785,0.71785,0
27-Apr-22,0.7146,0.719011,0.710369,0.7146,0.7146,0
28-Apr-22,0.71257,0.71613,0.70557,0.71257,0.71257,0
29-Apr-22,0.710884,0.718,0.7095,0.710884,0.710884,0
02-May-22,0.706539,0.70822,0.703408,0.706539,0.706539,0
03-May-22,0.7051,0.714102,0.7054,0.7051,0.7051,0
04-May-22,0.710379,0.71502,0.709139,0.710379,0.710379,0
05-May-22,0.72529,0.726528,0.708978,0.72529,0.72529,0
06-May-22,0.7121,0.7133,0.70638,0.7121,0.7121,0
09-May-22,0.7047,0.7047,0.69705,0.7047,0.7047,0
10-May-22,0.695739,0.6986,0.69128,0.695739,0.695739,0
11-May-22,0.6936,0.705189,0.693001,0.6936,0.6936,0
12-May-22,0.69275,0.6952,0.68447,0.69275,0.69275,0
13-May-22,0.687191,0.692521,0.686672,0.687191,0.687191,0
16-May-22,0.694618,0.69592,0.68757,0.694618,0.694618,0
17-May-22,0.697282,0.7043,0.69735,0.697282,0.697282,0
18-May-22,0.703284,0.704722,0.69826,0.703284,0.703284,0
19-May-22,0.6959,0.706829,0.69564,0.6959,0.6959,0
20-May-22,0.70415,0.7073,0.700476,0.70415,0.70415,0
23-May-22,0.706289,0.71257,0.70598,0.706289,0.706289,0
24-May-22,0.708898,0.71044,0.70592,0.708898,0.708898,0
25-May-22,0.71032,0.71194,0.703611,0.71032,0.71032,0
26-May-22,0.70894,0.7111,0.70582,0.70894,0.70894,0
27-May-22,0.709879,0.7166,0.7093,0.709879,0.709879,0
30-May-22,0.716281,0.7203,0.71583,0.716281,0.716281,0
31-May-22,0.71952,0.72034,0.715139,0.71952,0.71952,0
01-Jun-22,0.718262,0.723029,0.71561,0.718262,0.718262,0
02-Jun-22,0.71736,0.725789,0.714148,0.71736,0.71736,0
03-Jun-22,0.7269,0.72821,0.72069,0.7269,0.7269,0
06-Jun-22,0.720492,0.72338,0.719021,0.720492,0.720492,0
07-Jun-22,0.718861,0.72381,0.71578,0.718861,0.718861,0
08-Jun-22,0.72206,0.723442,0.71766,0.72206,0.72206,0
09-Jun-22,0.718649,0.719476,0.711501,0.718649,0.718649,0
10-Jun-22,0.709819,0.7139,0.70403,0.709819,0.709819,0
13-Jun-22,0.701828,0.703349,0.69244,0.701828,0.701828,0
14-Jun-22,0.69416,0.697,0.68764,0.69416,0.69416,0
15-Jun-22,0.68899,0.6958,0.688791,0.68899,0.68899,0
16-Jun-22,0.70169,0.703482,0.69453,0.70169,0.70169,0
17-Jun-22,0.70405,0.70402,0.68982,0.70405,0.70405,0
20-Jun-22,0.6953,0.69961,0.6927,0.6953,0.6953,0
21-Jun-22,0.69695,0.6995,0.6935,0.69695,0.69695,0
22-Jun-22,0.69618,0.69615,0.688222,0.69618,0.69618,0
23-Jun-22,0.690522,0.69262,0.686988,0.690522,0.690522,0
24-Jun-22,0.69035,0.695701,0.689042,0.69035,0.69035,0
27-Jun-22,0.694338,0.6949,0.690918,0.694338,0.694338,0
28-Jun-22,0.692252,0.696461,0.691381,0.692252,0.692252,0
29-Jun-22,0.69044,0.692008,0.6863,0.69044,0.69044,0
30-Jun-22,0.688047,0.691329,0.68543,0.688047,0.688047,0
01-Jul-22,0.68976,0.69035,0.676558,0.68976,0.68976,0
04-Jul-22,0.68158,0.689,0.679569,0.68158,0.68158,0
05-Jul-22,0.68738,0.689513,0.67654,0.68738,0.68738,0
06-Jul-22,0.67932,0.682449,0.67677,0.67932,0.67932,0
07-Jul-22,0.6786,0.684978,0.67653,0.6786,0.6786,0
08-Jul-22,0.6849,0.687351,0.67962,0.6849,0.6849,0
11-Jul-22,0.68458,0.6846,0.67179,0.68458,0.68458,0
12-Jul-22,0.674332,0.67786,0.671249,0.674332,0.674332,0
13-Jul-22,0.6747,0.68037,0.67283,0.6747,0.6747,0
14-Jul-22,0.67323,0.6787,0.66832,0.67323,0.67323,0
15-Jul-22,0.675489,0.68055,0.67203,0.675489,0.675489,0
18-Jul-22,0.681477,0.68542,0.67947,0.681477,0.681477,0
19-Jul-22,0.68102,0.690818,0.6803,0.68102,0.68102,0
20-Jul-22,0.689798,0.69301,0.68842,0.689798,0.689798,0
21-Jul-22,0.688738,0.6918,0.685989,0.688738,0.688738,0
22-Jul-22,0.69229,0.69753,0.68955,0.69229,0.69229,0
25-Jul-22,0.690469,0.696476,0.688378,0.690469,0.690469,0
26-Jul-22,0.69512,0.698324,0.692348,0.69512,0.69512,0
27-Jul-22,0.694739,0.695894,0.691611,0.694739,0.694739,0
28-Jul-22,0.69949,0.701607,0.695739,0.69949,0.69949,0
29-Jul-22,0.700084,0.70315,0.69144,0.700084,0.700084,0
01-Aug-22,0.697122,0.70465,0.697122,0.697122,0.697122,0
02-Aug-22,0.70239,0.70306,0.691482,0.70239,0.70239,0
03-Aug-22,0.68903,0.694541,0.68871,0.68903,0.68903,0
04-Aug-22,0.6939,0.699105,0.69362,0.6939,0.6939,0
05-Aug-22,0.69592,0.69747,0.68723,0.69592,0.69592,0
08-Aug-22,0.69025,0.70084,0.689931,0.69025,0.69025,0
09-Aug-22,0.69877,0.699496,0.696602,0.69877,0.69877,0
10-Aug-22,0.695701,0.7103,0.69477,0.695701,0.695701,0
11-Aug-22,0.707814,0.7136,0.70638,0.707814,0.707814,0
12-Aug-22,0.71029,0.712911,0.70863,0.71029,0.71029,0
15-Aug-22,0.711668,0.712418,0.70121,0.711668,0.711668,0
16-Aug-22,0.702,0.7041,0.69922,0.702,0.702,0
17-Aug-22,0.70194,0.7026,0.69121,0.70194,0.70194,0
18-Aug-22,0.69304,0.697107,0.68995,0.69304,0.69304,0
19-Aug-22,0.69112,0.692,0.68596,0.69112,0.69112,0
22-Aug-22,0.687711,0.69236,0.68633,0.687711,0.687711,0
23-Aug-22,0.68787,0.696209,0.68571,0.68787,0.68787,0
24-Aug-22,0.6923,0.695372,0.68798,0.6923,0.6923,0
25-Aug-22,0.690799,0.6993,0.69031,0.690799,0.690799,0
26-Aug-22,0.696398,0.700599,0.69152,0.696398,0.696398,0
29-Aug-22,0.686691,0.692713,0.68419,0.686691,0.686691,0
30-Aug-22,0.690751,0.695797,0.68599,0.690751,0.690751,0
31-Aug-22,0.68574,0.690422,0.68434,0.68574,0.68574,0
01-Sep-22,0.68285,0.68436,0.677172,0.68285,0.68285,0
02-Sep-22,0.67953,0.68538,0.678109,0.67953,0.67953,0
05-Sep-22,0.67903,0.680411,0.67736,0.67903,0.67903,0
06-Sep-22,0.6814,0.6835,0.6733,0.6814,0.6814,0
07-Sep-22,0.673011,0.67363,0.670008,0.673011,0.673011,0
08-Sep-22,0.67514,0.67635,0.67139,0.67514,0.67514,0
09-Sep-22,0.67659,0.687711,0.67644,0.67659,0.67659,0
12-Sep-22,0.6847,0.68892,0.682538,0.6847,0.6847,0
13-Sep-22,0.689398,0.6918,0.67619,0.689398,0.689398,0
14-Sep-22,0.6743,0.676018,0.67058,0.6743,0.6743,0
15-Sep-22,0.67518,0.67697,0.67061,0.67518,0.67518,0
16-Sep-22,0.66873,0.6727,0.667049,0.66873,0.66873,0
19-Sep-22,0.6727,0.673111,0.667289,0.6727,0.6727,0
20-Sep-22,0.67337,0.674741,0.668539,0.67337,0.67337,0
21-Sep-22,0.66942,0.6704,0.66556,0.66942,0.66942,0
22-Sep-22,0.66101,0.667147,0.65754,0.66101,0.66101,0
23-Sep-22,0.66454,0.665549,0.6537,0.66454,0.66454,0
26-Sep-22,0.65307,0.65368,0.64583,0.65307,0.65307,0
27-Sep-22,0.6476,0.65124,0.64422,0.6476,0.6476,0
28-Sep-22,0.6438,0.651249,0.63661,0.6438,0.6438,0
29-Sep-22,0.6505,0.6509,0.64367,0.6505,0.6505,0
30-Sep-22,0.6513,0.65205,0.642797,0.6513,0.6513,0
03-Oct-22,0.642096,0.651699,0.64126,0.642096,0.642096,0
04-Oct-22,0.65018,0.65452,0.645249,0.65018,0.65018,0
05-Oct-22,0.65141,0.65246,0.6417,0.65141,0.65141,0
06-Oct-22,0.65127,0.6541,0.639161,0.65127,0.65127,0
07-Oct-22,0.641441,0.6434,0.6375,0.641441,0.641441,0
10-Oct-22,0.7362,0.7365,0.627699,0.636983,0.636983,0
11-Oct-22,0.629481,0.632871,0.62483,0.629481,0.629481,0
12-Oct-22,0.626641,0.6289,0.62397,0.626641,0.626641,0
13-Oct-22,0.627731,0.62989,0.61762,0.627731,0.627731,0
14-Oct-22,0.6301,0.63467,0.62157,0.6301,0.6301,0
17-Oct-22,0.622394,0.6311,0.62118,0.622394,0.622394,0
18-Oct-22,0.629882,0.63398,0.62689,0.629882,0.629882,0
19-Oct-22,0.63164,0.6327,0.627081,0.63164,0.63164,0
20-Oct-22,0.62637,0.635409,0.622921,0.62637,0.62637,0
21-Oct-22,0.627471,0.6368,0.62129,0.627471,0.627471,0
24-Oct-22,0.63719,0.637231,0.627451,0.63719,0.63719,0
25-Oct-22,0.63296,0.641079,0.6305,0.63296,0.63296,0
26-Oct-22,0.63857,0.6511,0.63738,0.63857,0.63857,0
27-Oct-22,0.64935,0.6524,0.6428,0.64935,0.64935,0
28-Oct-22,0.645091,0.648,0.639161,0.645091,0.645091,0
31-Oct-22,0.640131,0.643004,0.6369,0.640131,0.640131,0
01-Nov-22,0.64099,0.646371,0.63838,0.64099,0.64099,0
02-Nov-22,0.63967,0.643087,0.6387,0.63967,0.63967,0
03-Nov-22,0.63385,0.63724,0.627451,0.63385,0.63385,0
04-Nov-22,0.628852,0.647538,0.628591,0.628852,0.628852,0
07-Nov-22,0.643932,0.6489,0.640771,0.643932,0.643932,0
08-Nov-22,0.64748,0.655,0.644492,0.64748,0.64748,0
09-Nov-22,0.650919,0.652,0.643339,0.650919,0.650919,0
10-Nov-22,0.643418,0.6597,0.63887,0.643418,0.643418,0
11-Nov-22,0.66069,0.6703,0.65803,0.66069,0.66069,0
14-Nov-22,0.669882,0.671592,0.66643,0.669882,0.669882,0
15-Nov-22,0.66919,0.67928,0.66873,0.66919,0.66919,0
16-Nov-22,0.67695,0.6794,0.673102,0.67695,0.67695,0
17-Nov-22,0.67395,0.675078,0.66352,0.67395,0.67395,0
18-Nov-22,0.66892,0.672988,0.66622,0.66892,0.66892,0
21-Nov-22,0.668208,0.668369,0.65858,0.668208,0.668208,0
22-Nov-22,0.66078,0.665088,0.660541,0.66078,0.66078,0
23-Nov-22,0.664982,0.672269,0.66348,0.664982,0.664982,0
24-Nov-22,0.67435,0.6779,0.67329,0.67435,0.67435,0
25-Nov-22,0.67656,0.6782,0.67214,0.67656,0.67656,0
28-Nov-22,0.671191,0.6724,0.66663,0.671191,0.671191,0
29-Nov-22,0.665199,0.67486,0.66409,0.665199,0.665199,0
30-Nov-22,0.668409,0.674018,0.66757,0.668409,0.668409,0
01-Dec-22,0.67996,0.6841,0.67917,0.67996,0.67996,0
02-Dec-22,0.681102,0.68349,0.67469,0.681102,0.681102,0
05-Dec-22,0.681301,0.68505,0.671,0.681301,0.681301,0
06-Dec-22,0.670781,0.67437,0.66905,0.670781,0.670781,0
07-Dec-22,0.669882,0.6737,0.66695,0.669882,0.669882,0
08-Dec-22,0.6727,0.678104,0.67004,0.6727,0.6727,0
09-Dec-22,0.67765,0.6815,0.67504,0.67765,0.67765,0
12-Dec-22,0.678141,0.67933,0.673011,0.678141,0.678141,0
13-Dec-22,0.6754,0.6893,0.674118,0.6754,0.6754,0
14-Dec-22,0.68423,0.68746,0.6822,0.68423,0.68423,0
15-Dec-22,0.68578,0.68701,0.669851,0.68578,0.68578,0
16-Dec-22,0.670592,0.6737,0.66767,0.670592,0.670592,0
19-Dec-22,0.668749,0.6735,0.66865,0.668749,0.668749,0
20-Dec-22,0.670781,0.67399,0.663,0.670781,0.670781,0
21-Dec-22,0.66885,0.67276,0.66571,0.66885,0.66885,0
22-Dec-22,0.671682,0.6768,0.667,0.671682,0.671682,0
23-Dec-22,0.6678,0.671321,0.666138,0.6678,0.6678,0
26-Dec-22,0.671249,0.67757,0.668181,0.671249,0.671249,0
27-Dec-22,0.674459,0.678,0.67258,0.674459,0.674459,0
28-Dec-22,0.672993,0.6801,0.672011,0.672993,0.672993,0
29-Dec-22,0.67471,0.6779,0.67113,0.67471,0.67471,0
30-Dec-22,0.6766,0.68084,0.67569,0.6766,0.6766,0
02-Jan-23,0.68231,0.68434,0.67939,0.68231,0.68231,0
03-Jan-23,0.68056,0.68362,0.668919,0.68056,0.68056,0
04-Jan-23,0.6728,0.68913,0.672558,0.6728,0.6728,0
05-Jan-23,0.682911,0.684603,0.67368,0.682911,0.682911,0
06-Jan-23,0.67557,0.687,0.67226,0.67557,0.67557,0
09-Jan-23,0.689398,0.69512,0.688558,0.689398,0.689398,0
10-Jan-23,0.69097,0.6928,0.68605,0.69097,0.69097,0
11-Jan-23,0.6895,0.692521,0.68745,0.6895,0.6895,0
12-Jan-23,0.6911,0.69818,0.68887,0.6911,0.6911,0
13-Jan-23,0.696782,0.6994,0.691692,0.696782,0.696782,0
16-Jan-23,0.69735,0.702,0.69426,0.69735,0.69735,0
17-Jan-23,0.69664,0.69934,0.69313,0.69664,0.69664,0
18-Jan-23,0.698841,0.70599,0.69741,0.698841,0.698841,0
19-Jan-23,0.6944,0.695,0.687229,0.6944,0.6944,0
20-Jan-23,0.6914,0.696442,0.69067,0.6914,0.6914,0
23-Jan-23,0.698402,0.703938,0.69629,0.69827,0.69827,0
24-Jan-23,0.702928,0.7056,0.69982,0.702928,0.702928,0
25-Jan-23,0.704672,0.71221,0.703918,0.704672,0.704672,0
26-Jan-23,0.71082,0.71401,0.7082,0.71082,0.71082,0
27-Jan-23,0.71139,0.713114,0.708491,0.71139,0.71139,0
30-Jan-23,0.710798,0.712099,0.70672,0.710798,0.710798,0
31-Jan-23,0.70581,0.706309,0.69855,0.70581,0.70581,0
01-Feb-23,0.70514,0.7092,0.70372,0.70514,0.70514,0
02-Feb-23,0.7145,0.71561,0.70719,0.7145,0.7145,0
03-Feb-23,0.707469,0.7074,0.693342,0.707469,0.707469,0
06-Feb-23,0.69208,0.694879,0.68566,0.69208,0.69208,0
07-Feb-23,0.68878,0.69506,0.68871,0.68878,0.68878,0
08-Feb-23,0.69646,0.69951,0.69274,0.69646,0.69646,0
09-Feb-23,0.693,0.701061,0.69228,0.693,0.693,0
10-Feb-23,0.693938,0.69599,0.691228,0.693938,0.693938,0
13-Feb-23,0.691348,0.69677,0.68918,0.691348,0.691348,0
14-Feb-23,0.697,0.702701,0.69234,0.697,0.697,0
15-Feb-23,0.698758,0.698519,0.68657,0.698758,0.698758,0
16-Feb-23,0.69069,0.69352,0.68461,0.69069,0.69069,0
17-Feb-23,0.68624,0.68738,0.681231,0.68624,0.68624,0
20-Feb-23,0.686941,0.6922,0.686389,0.686941,0.686941,0
21-Feb-23,0.6909,0.691812,0.68588,0.6909,0.6909,0
22-Feb-23,0.68619,0.686422,0.6809,0.68619,0.68619,0
23-Feb-23,0.681292,0.68417,0.67852,0.681292,0.681292,0
24-Feb-23,0.681013,0.682594,0.67197,0.681013,0.681013,0
27-Feb-23,0.673568,0.6744,0.66988,0.673568,0.673568,0
28-Feb-23,0.6743,0.676,0.67061,0.6743,0.6743,0
01-Mar-23,0.673079,0.678398,0.66959,0.673079,0.673079,0
02-Mar-23,0.67598,0.67659,0.67083,0.67598,0.67598,0
03-Mar-23,0.6735,0.67659,0.672988,0.6735,0.6735,0
06-Mar-23,0.675461,0.6771,0.67172,0.675461,0.675461,0
07-Mar-23,0.67331,0.6749,0.65956,0.67331,0.67331,0
08-Mar-23,0.6591,0.66286,0.656909,0.6591,0.6591,0
09-Mar-23,0.6594,0.663508,0.657748,0.6594,0.6594,0
10-Mar-23,0.6591,0.663861,0.65668,0.6591,0.6591,0
13-Mar-23,0.66342,0.671601,0.660271,0.66342,0.66342,0
14-Mar-23,0.66592,0.66947,0.66333,0.66592,0.66592,0
15-Mar-23,0.66891,0.671186,0.66012,0.66891,0.66891,0
16-Mar-23,0.66183,0.666529,0.66155,0.66183,0.66183,0
17-Mar-23,0.66634,0.67233,0.665602,0.66634,0.66634,0
20-Mar-23,0.671321,0.6732,0.6667,0.671321,0.671321,0
21-Mar-23,0.67169,0.67255,0.66504,0.67169,0.67169,0
22-Mar-23,0.66779,0.670219,0.66625,0.66779,0.66779,0
23-Mar-23,0.669931,0.67556,0.66918,0.669931,0.669931,0
24-Mar-23,0.66816,0.6695,0.662629,0.66816,0.66816,0
27-Mar-23,0.665531,0.66652,0.66351,0.665531,0.665531,0
28-Mar-23,0.66601,0.671096,0.665549,0.66601,0.66601,0
29-Mar-23,0.670691,0.67129,0.66622,0.670691,0.670691,0
30-Mar-23,0.668248,0.67172,0.66623,0.668248,0.668248,0
31-Mar-23,0.671682,0.673818,0.667169,0.671682,0.671682,0
03-Apr-23,0.66589,0.6788,0.665389,0.66589,0.66589,0
04-Apr-23,0.67885,0.67934,0.672269,0.67885,0.67885,0
05-Apr-23,0.675808,0.6776,0.66782,0.675808,0.675808,0
06-Apr-23,0.671668,0.671948,0.665411,0.671668,0.671668,0
07-Apr-23,0.667601,0.669299,0.664461,0.667601,0.667601,0
10-Apr-23,0.66735,0.66803,0.66202,0.66735,0.66735,0
11-Apr-23,0.66483,0.668003,0.66453,0.66483,0.66483,0
12-Apr-23,0.6654,0.67218,0.66515,0.6654,0.6654,0
13-Apr-23,0.6699,0.678104,0.66858,0.6699,0.6699,0
14-Apr-23,0.6784,0.6794,0.66971,0.6784,0.6784,0
17-Apr-23,0.67052,0.671889,0.66819,0.67052,0.67052,0
18-Apr-23,0.67004,0.674641,0.669801,0.67004,0.67004,0
19-Apr-23,0.67357,0.6741,0.669129,0.67357,0.67357,0
20-Apr-23,0.670551,0.67698,0.66981,0.670551,0.670551,0
21-Apr-23,0.674318,0.6743,0.66786,0.674318,0.674318,0
24-Apr-23,0.669349,0.66976,0.6667,0.669349,0.669349,0
25-Apr-23,0.670381,0.670691,0.66258,0.670381,0.670381,0
26-Apr-23,0.66364,0.664,0.65958,0.66364,0.66364,0
27-Apr-23,0.660838,0.6635,0.659609,0.660838,0.660838,0
28-Apr-23,0.66304,0.664218,0.65761,0.66304,0.66304,0
01-May-23,0.66124,0.6671,0.66107,0.66124,0.66124,0
02-May-23,0.66228,0.671817,0.66209,0.66228,0.66228,0
03-May-23,0.6673,0.6677,0.665009,0.6673,0.6673,0
04-May-23,0.664152,0.66994,0.66408,0.664152,0.664152,0
05-May-23,0.66961,0.675,0.66956,0.66961,0.66961,0
08-May-23,0.674768,0.680411,0.67413,0.674768,0.674768,0
09-May-23,0.678099,0.6788,0.67474,0.678099,0.678099,0
10-May-23,0.676691,0.68177,0.674509,0.676691,0.676691,0
11-May-23,0.678191,0.679717,0.668959,0.678191,0.678191,0
12-May-23,0.66999,0.670781,0.66431,0.66999,0.66999,0
15-May-23,0.66469,0.669882,0.66425,0.66469,0.66469,0
16-May-23,0.6703,0.671096,0.665318,0.6703,0.6703,0
17-May-23,0.665779,0.667049,0.66295,0.665779,0.665779,0
18-May-23,0.665562,0.666889,0.66055,0.665562,0.665562,0
19-May-23,0.662998,0.6673,0.66179,0.662998,0.662998,0
22-May-23,0.6661,0.666738,0.66283,0.6661,0.6661,0
23-May-23,0.664969,0.6664,0.661122,0.664969,0.664969,0
24-May-23,0.661358,0.66152,0.653339,0.661358,0.661358,0
25-May-23,0.65451,0.6546,0.650132,0.65451,0.65451,0
26-May-23,0.649849,0.654412,0.64921,0.649849,0.649849,0
29-May-23,0.652699,0.655394,0.652371,0.652699,0.652699,0
30-May-23,0.65285,0.65577,0.65035,0.65285,0.65285,0
31-May-23,0.65178,0.652018,0.64645,0.65178,0.65178,0
01-Jun-23,0.65064,0.6579,0.6486,0.65064,0.65064,0
02-Jun-23,0.657799,0.6638,0.657518,0.657799,0.657799,0
05-Jun-23,0.66,0.6634,0.658042,0.66,0.66,0
06-Jun-23,0.661349,0.66827,0.66102,0.661349,0.661349,0
07-Jun-23,0.667909,0.6717,0.66593,0.667909,0.667909,0
08-Jun-23,0.66586,0.6717,0.66554,0.66586,0.66586,0
09-Jun-23,0.67126,0.6751,0.669398,0.67126,0.67126,0
12-Jun-23,0.6745,0.677599,0.67322,0.6745,0.6745,0
13-Jun-23,0.67531,0.68065,0.67388,0.67531,0.67531,0
14-Jun-23,0.676929,0.6837,0.67645,0.676929,0.676929,0
15-Jun-23,0.67969,0.68738,0.676911,0.67969,0.67969,0
16-Jun-23,0.68803,0.68986,0.685721,0.68803,0.68803,0
19-Jun-23,0.6876,0.6879,0.68351,0.6876,0.6876,0
20-Jun-23,0.685138,0.6855,0.67548,0.685138,0.685138,0
21-Jun-23,0.678882,0.679995,0.674418,0.678882,0.678882,0
22-Jun-23,0.67987,0.680619,0.674969,0.67987,0.67987,0
23-Jun-23,0.67607,0.67671,0.66636,0.67607,0.67607,0
26-Jun-23,0.668052,0.6695,0.666849,0.668052,0.668052,0
27-Jun-23,0.66745,0.6721,0.667111,0.66745,0.66745,0
28-Jun-23,0.66814,0.668717,0.659861,0.66814,0.66814,0
29-Jun-23,0.660062,0.6641,0.65961,0.660062,0.660062,0
30-Jun-23,0.661971,0.66644,0.660471,0.661971,0.661971,0
03-Jul-23,0.665832,0.668941,0.66378,0.665832,0.665832,0
04-Jul-23,0.66741,0.6707,0.66443,0.66741,0.66741,0
05-Jul-23,0.66927,0.6701,0.66583,0.66927,0.66927,0
06-Jul-23,0.66569,0.6689,0.660018,0.66569,0.66569,0
07-Jul-23,0.66284,0.668717,0.66212,0.66284,0.66284,0
10-Jul-23,0.668838,0.66954,0.662458,0.668838,0.668838,0
11-Jul-23,0.6679,0.66951,0.665119,0.6679,0.6679,0
12-Jul-23,0.66938,0.67951,0.66838,0.66938,0.66938,0
13-Jul-23,0.679279,0.6897,0.67864,0.679279,0.679279,0
14-Jul-23,0.688862,0.689608,0.684182,0.688862,0.688862,0
17-Jul-23,0.683779,0.683995,0.67891,0.683779,0.683779,0
18-Jul-23,0.68105,0.68364,0.67898,0.68105,0.68105,0
19-Jul-23,0.681482,0.6819,0.67517,0.681482,0.681482,0
20-Jul-23,0.677,0.684739,0.67717,0.677,0.677,0
21-Jul-23,0.677819,0.6788,0.67231,0.677819,0.677819,0
24-Jul-23,0.67258,0.675621,0.67166,0.67258,0.67258,0
25-Jul-23,0.673301,0.679117,0.67265,0.673301,0.673301,0
26-Jul-23,0.67876,0.67914,0.67315,0.67876,0.67876,0
27-Jul-23,0.676,0.682091,0.672228,0.676,0.676,0
28-Jul-23,0.671186,0.6711,0.66238,0.671186,0.671186,0
31-Jul-23,0.666081,0.6739,0.66593,0.666081,0.666081,0
01-Aug-23,0.671682,0.67232,0.660572,0.671682,0.671682,0
02-Aug-23,0.661761,0.6631,0.652801,0.661761,0.661761,0
03-Aug-23,0.6545,0.6561,0.65149,0.6545,0.6545,0
04-Aug-23,0.656121,0.660882,0.65466,0.656121,0.656121,0
07-Aug-23,0.657371,0.6593,0.65561,0.657371,0.657371,0
08-Aug-23,0.657259,0.65759,0.649781,0.657259,0.657259,0
09-Aug-23,0.65316,0.65706,0.652099,0.65316,0.65316,0
10-Aug-23,0.65368,0.661109,0.652891,0.65368,0.65368,0
11-Aug-23,0.65125,0.65335,0.648782,0.65125,0.65125,0
14-Aug-23,0.64954,0.65036,0.645611,0.64954,0.64954,0
15-Aug-23,0.64884,0.65189,0.64593,0.64884,0.64884,0
16-Aug-23,0.64579,0.648,0.64288,0.64579,0.64579,0
17-Aug-23,0.64147,0.644962,0.63687,0.64147,0.64147,0
18-Aug-23,0.640689,0.64293,0.63804,0.640689,0.640689,0
21-Aug-23,0.64147,0.642302,0.63892,0.64147,0.64147,0
22-Aug-23,0.641408,0.6459,0.640439,0.641408,0.641408,0
23-Aug-23,0.6428,0.64722,0.64118,0.6428,0.6428,0
24-Aug-23,0.648059,0.6489,0.642352,0.648059,0.648059,0
25-Aug-23,0.641396,0.643828,0.63824,0.641396,0.641396,0
28-Aug-23,0.641671,0.643791,0.64028,0.641671,0.641671,0
29-Aug-23,0.642818,0.6469,0.64021,0.642818,0.642818,0
30-Aug-23,0.64766,0.652061,0.64517,0.64766,0.64766,0
31-Aug-23,0.647878,0.65068,0.646249,0.647878,0.647878,0
01-Sep-23,0.648841,0.651839,0.64441,0.648841,0.648841,0
04-Sep-23,0.645286,0.648,0.645091,0.645286,0.645286,0
05-Sep-23,0.64581,0.646287,0.635841,0.64581,0.64581,0
06-Sep-23,0.63754,0.64045,0.6358,0.63754,0.63754,0
07-Sep-23,0.6383,0.63947,0.63628,0.6383,0.6383,0
08-Sep-23,0.63774,0.641499,0.63685,0.63774,0.63774,0
11-Sep-23,0.639799,0.6449,0.63901,0.639799,0.639799,0
12-Sep-23,0.6432,0.644,0.641071,0.6432,0.6432,0
13-Sep-23,0.642818,0.643418,0.6388,0.642818,0.642818,0
14-Sep-23,0.642162,0.64573,0.64204,0.642162,0.642162,0
15-Sep-23,0.64324,0.647417,0.643232,0.64324,0.64324,0
18-Sep-23,0.64405,0.645,0.64183,0.64405,0.64405,0
19-Sep-23,0.64396,0.6475,0.64285,0.64396,0.64396,0
20-Sep-23,0.6466,0.6505,0.644841,0.6466,0.6466,0
21-Sep-23,0.64361,0.644081,0.638798,0.64361,0.64361,0
22-Sep-23,0.64096,0.6465,0.640451,0.64096,0.64096,0
25-Sep-23,0.6441,0.644704,0.64049,0.6441,0.6441,0
26-Sep-23,0.6422,0.64303,0.63882,0.6422,0.6422,0
27-Sep-23,0.639386,0.640931,0.6362,0.639386,0.639386,0
28-Sep-23,0.63476,0.6426,0.634909,0.63476,0.63476,0
29-Sep-23,0.642797,0.6503,0.64217,0.642797,0.642797,0
02-Oct-23,0.64372,0.644704,0.63685,0.64372,0.64372,0
03-Oct-23,0.63627,0.6365,0.62875,0.63627,0.63627,0
04-Oct-23,0.63089,0.634317,0.628781,0.63089,0.63089,0
05-Oct-23,0.63291,0.637751,0.632559,0.63291,0.63291,0
06-Oct-23,0.637105,0.63948,0.631461,0.637105,0.637105,0
09-Oct-23,0.6372,0.638896,0.6345,0.6372,0.6372,0
10-Oct-23,0.64209,0.6433,0.63918,0.64209,0.64209,0
11-Oct-23,0.643347,0.6447,0.64048,0.643347,0.643347,0
12-Oct-23,0.64181,0.6431,0.63308,0.64181,0.64181,0
13-Oct-23,0.63168,0.6333,0.6287,0.63168,0.63168,0
16-Oct-23,0.6313,0.634115,0.63031,0.6313,0.6313,0
17-Oct-23,0.63378,0.6378,0.63376,0.63378,0.63378,0
18-Oct-23,0.63627,0.63929,0.63348,0.63627,0.63627,0
19-Oct-23,0.63324,0.63374,0.62971,0.63324,0.63324,0
20-Oct-23,0.6327,0.6327,0.62999,0.6327,0.6327,0
23-Oct-23,0.632039,0.633995,0.62898,0.632039,0.632039,0
24-Oct-23,0.63367,0.63786,0.63362,0.63367,0.63367,0
25-Oct-23,0.6361,0.64,0.63221,0.6361,0.6361,0
26-Oct-23,0.6297,0.63279,0.62716,0.6297,0.6297,0
27-Oct-23,0.6336,0.63678,0.63259,0.6336,0.6336,0
30-Oct-23,0.63389,0.638419,0.633762,0.63389,0.63389,0
31-Oct-23,0.6371,0.6376,0.63156,0.6371,0.6371,0
01-Nov-23,0.633995,0.639321,0.63193,0.633995,0.633995,0
02-Nov-23,0.64226,0.64561,0.64141,0.64226,0.64226,0
03-Nov-23,0.64279,0.650915,0.6421,0.64279,0.64279,0
06-Nov-23,0.651687,0.6525,0.6494,0.651687,0.651687,0
07-Nov-23,0.649279,0.649477,0.648967,0.64898,0.64898,0
